{"lr":6e-05,"_wandb":{"runtime":98502},"_runtime":98502,"val/loss":3.1493685245513916,"iter":30000,"_step":30,"mfu":16.499618901418618,"_timestamp":1.7534962202676847e+09,"train/loss":3.141841411590576}