{"mfu":15.267207259570858,"iter":30000,"_timestamp":1.753394682312014e+09,"_runtime":107682,"_wandb":{"runtime":107682},"train/loss":3.138087511062622,"val/loss":3.1450812816619873,"_step":30,"lr":6e-05}